v1 sentences per paragraph,v2 words per paragraph,v3 close parenthesis present,v4 dash present,v5 semi-colon or colon present,v6 question mark present,v7 apostrophe present,v8 standard deviation of sentence length,v9 length difference for consecutive sentences,v10 sentence with < 11 words,v11 sentence with > 34 words,v12 contains although,v13 contains however,v14 contains but,v15 contains because,v16 contains this,v17 contains others or researchers,v18 contains numbers,v19 contains 2 times more capitals than period,v20 contains et,word variation,average token length,non alphabetic characters frequency,uncommon word frequency,'',",",.,:,CC,CD,DT,EX,IN,JJ,JJR,JJS,MD,NN,NNP,NNPS,NNS,PDT,POS,PRP,PRP$,RB,RBR,RBS,RP,TO,UH,VB,VBD,VBG,VBN,VBP,VBZ,WDT,WP,WP$,WRB
7.0,92.0,0.0,0.0,1.0,0.0,0.0,4.015276949301485,5.666666666666667,1.0,0.0,0.0,0.0,1.0,0.0,0.0,0.0,0.0,0.0,0.0,0.6304347826086957,3.9782608695652173,0.17391304347826086,0.6521739130434783,0.0,0.07608695652173914,0.07608695652173914,0.021739130434782608,0.05434782608695652,0.0,0.09782608695652174,0.0,0.09782608695652174,0.06521739130434782,0.0,0.0,0.043478260869565216,0.08695652173913043,0.06521739130434782,0.0,0.03260869565217391,0.0,0.0,0.08695652173913043,0.0,0.03260869565217391,0.0,0.0,0.010869565217391304,0.0,0.0,0.043478260869565216,0.021739130434782608,0.0,0.021739130434782608,0.05434782608695652,0.010869565217391304,0.0,0.0,0.0,0.0
1.0,17.0,0.0,0.0,0.0,0.0,0.0,0.0,0.0,0.0,0.0,0.0,0.0,0.0,0.0,0.0,0.0,0.0,0.0,0.0,0.8823529411764706,4.294117647058823,0.17647058823529413,0.5882352941176471,0.0,0.11764705882352941,0.058823529411764705,0.0,0.058823529411764705,0.0,0.058823529411764705,0.0,0.058823529411764705,0.058823529411764705,0.0,0.058823529411764705,0.0,0.11764705882352941,0.058823529411764705,0.0,0.0,0.0,0.0,0.0,0.058823529411764705,0.0,0.0,0.0,0.0,0.0,0.0,0.0,0.0,0.0,0.11764705882352941,0.0,0.11764705882352941,0.0,0.0,0.0,0.058823529411764705
2.0,42.0,0.0,0.0,0.0,0.0,0.0,2.0,4.0,0.0,0.0,0.0,0.0,0.0,0.0,0.0,0.0,0.0,1.0,0.0,0.8095238095238095,3.7857142857142856,0.09523809523809523,0.5,0.0,0.047619047619047616,0.047619047619047616,0.0,0.023809523809523808,0.0,0.07142857142857142,0.023809523809523808,0.16666666666666666,0.047619047619047616,0.0,0.0,0.0,0.11904761904761904,0.07142857142857142,0.0,0.047619047619047616,0.0,0.0,0.07142857142857142,0.07142857142857142,0.023809523809523808,0.0,0.0,0.0,0.0,0.0,0.0,0.0,0.0,0.047619047619047616,0.047619047619047616,0.047619047619047616,0.0,0.023809523809523808,0.0,0.0
1.0,43.0,0.0,1.0,1.0,0.0,0.0,0.0,0.0,0.0,1.0,0.0,0.0,0.0,0.0,0.0,0.0,0.0,0.0,0.0,0.813953488372093,4.093023255813954,0.16279069767441862,0.5813953488372093,0.0,0.06976744186046512,0.023255813953488372,0.06976744186046512,0.023255813953488372,0.0,0.09302325581395349,0.0,0.16279069767441862,0.06976744186046512,0.0,0.0,0.0,0.13953488372093023,0.0,0.0,0.06976744186046512,0.0,0.0,0.046511627906976744,0.023255813953488372,0.0,0.0,0.0,0.0,0.023255813953488372,0.0,0.023255813953488372,0.0,0.0,0.06976744186046512,0.09302325581395349,0.0,0.0,0.0,0.0,0.0
1.0,19.0,0.0,0.0,0.0,0.0,1.0,0.0,0.0,0.0,0.0,0.0,0.0,0.0,0.0,0.0,0.0,0.0,0.0,0.0,0.9473684210526315,4.368421052631579,0.21052631578947367,0.6842105263157895,0.0,0.10526315789473684,0.05263157894736842,0.0,0.05263157894736842,0.0,0.0,0.0,0.05263157894736842,0.10526315789473684,0.0,0.0,0.05263157894736842,0.15789473684210525,0.05263157894736842,0.0,0.10526315789473684,0.0,0.05263157894736842,0.05263157894736842,0.0,0.05263157894736842,0.05263157894736842,0.0,0.0,0.0,0.0,0.05263157894736842,0.0,0.0,0.0,0.0,0.0,0.0,0.0,0.0,0.0
3.0,101.0,0.0,0.0,1.0,0.0,0.0,1.247219128924647,2.5,0.0,1.0,0.0,0.0,1.0,1.0,1.0,0.0,1.0,1.0,0.0,0.6336633663366337,4.069306930693069,0.15841584158415842,0.5544554455445545,0.0,0.04950495049504951,0.0297029702970297,0.019801980198019802,0.0297029702970297,0.019801980198019802,0.09900990099009901,0.0,0.13861386138613863,0.039603960396039604,0.0,0.0,0.009900990099009901,0.13861386138613863,0.06930693069306931,0.0,0.019801980198019802,0.0,0.0,0.06930693069306931,0.0594059405940594,0.039603960396039604,0.0,0.0,0.0,0.0,0.0,0.019801980198019802,0.0297029702970297,0.0,0.0297029702970297,0.019801980198019802,0.04950495049504951,0.019801980198019802,0.0,0.0,0.0
5.0,126.0,0.0,0.0,1.0,0.0,0.0,7.730459236035075,8.25,0.0,1.0,0.0,0.0,0.0,1.0,1.0,0.0,0.0,0.0,0.0,0.5793650793650794,4.071428571428571,0.14285714285714285,0.6031746031746031,0.0,0.09523809523809523,0.03968253968253968,0.007936507936507936,0.031746031746031744,0.007936507936507936,0.09523809523809523,0.0,0.1111111111111111,0.06349206349206349,0.0,0.0,0.031746031746031744,0.11904761904761904,0.031746031746031744,0.0,0.06349206349206349,0.007936507936507936,0.0,0.05555555555555555,0.015873015873015872,0.031746031746031744,0.0,0.0,0.0,0.015873015873015872,0.0,0.03968253968253968,0.0,0.031746031746031744,0.023809523809523808,0.047619047619047616,0.007936507936507936,0.023809523809523808,0.0,0.0,0.0
2.0,18.0,0.0,0.0,0.0,0.0,0.0,6.0,12.0,1.0,0.0,0.0,0.0,0.0,0.0,0.0,0.0,0.0,1.0,0.0,0.8333333333333334,3.7777777777777777,0.16666666666666666,0.7222222222222222,0.0,0.05555555555555555,0.1111111111111111,0.0,0.05555555555555555,0.0,0.05555555555555555,0.0,0.1111111111111111,0.0,0.0,0.0,0.05555555555555555,0.05555555555555555,0.2222222222222222,0.05555555555555555,0.0,0.0,0.0,0.16666666666666666,0.0,0.0,0.0,0.0,0.0,0.0,0.0,0.05555555555555555,0.0,0.0,0.0,0.0,0.0,0.0,0.0,0.0,0.0
1.0,20.0,0.0,0.0,0.0,0.0,0.0,0.0,0.0,0.0,0.0,0.0,1.0,0.0,0.0,0.0,0.0,0.0,0.0,0.0,0.95,4.3,0.15,0.6,0.0,0.1,0.05,0.0,0.1,0.0,0.1,0.0,0.15,0.05,0.0,0.0,0.0,0.2,0.0,0.0,0.1,0.0,0.0,0.0,0.05,0.05,0.0,0.0,0.0,0.0,0.0,0.0,0.0,0.0,0.0,0.0,0.05,0.0,0.0,0.0,0.0
1.0,22.0,0.0,0.0,0.0,0.0,0.0,0.0,0.0,0.0,0.0,0.0,0.0,0.0,1.0,1.0,0.0,0.0,0.0,0.0,0.8636363636363636,3.9545454545454546,0.13636363636363635,0.5909090909090909,0.0,0.09090909090909091,0.045454545454545456,0.0,0.045454545454545456,0.0,0.045454545454545456,0.0,0.22727272727272727,0.0,0.0,0.0,0.0,0.3181818181818182,0.0,0.0,0.0,0.0,0.0,0.09090909090909091,0.0,0.0,0.0,0.0,0.0,0.0,0.0,0.0,0.0,0.0,0.045454545454545456,0.09090909090909091,0.0,0.0,0.0,0.0,0.0
2.0,32.0,0.0,0.0,0.0,0.0,0.0,2.0,4.0,0.0,0.0,0.0,0.0,0.0,0.0,0.0,0.0,0.0,0.0,0.0,0.8125,4.59375,0.125,0.625,0.0,0.0625,0.0625,0.0,0.09375,0.0,0.09375,0.0,0.09375,0.15625,0.0,0.0,0.0,0.21875,0.0,0.0,0.09375,0.0,0.0,0.0,0.0,0.0625,0.0,0.0,0.0,0.0,0.0,0.0,0.0,0.0,0.0,0.0,0.0625,0.0,0.0,0.0,0.0
15.0,211.0,0.0,1.0,1.0,0.0,1.0,7.131775530835378,5.928571428571429,1.0,0.0,0.0,0.0,1.0,0.0,1.0,0.0,0.0,0.0,0.0,0.4834123222748815,3.308056872037915,0.22274881516587677,0.6682464454976303,0.018957345971563982,0.061611374407582936,0.08056872037914692,0.02843601895734597,0.04739336492890995,0.0,0.07109004739336493,0.0,0.04265402843601896,0.061611374407582936,0.0,0.0,0.009478672985781991,0.0947867298578199,0.061611374407582936,0.0,0.04265402843601896,0.0,0.004739336492890996,0.07582938388625593,0.037914691943127965,0.023696682464454975,0.0,0.0,0.018957345971563982,0.037914691943127965,0.009478672985781991,0.04265402843601896,0.018957345971563982,0.014218009478672985,0.009478672985781991,0.05687203791469194,0.014218009478672985,0.004739336492890996,0.0,0.0,0.009478672985781991
3.0,104.0,0.0,1.0,1.0,0.0,1.0,10.402991022884823,11.5,0.0,1.0,0.0,0.0,1.0,0.0,0.0,0.0,0.0,0.0,0.0,0.6442307692307693,3.8076923076923075,0.11538461538461539,0.5288461538461539,0.009615384615384616,0.04807692307692308,0.028846153846153848,0.019230769230769232,0.04807692307692308,0.0,0.08653846153846154,0.0,0.11538461538461539,0.057692307692307696,0.0,0.0,0.028846153846153848,0.15384615384615385,0.019230769230769232,0.0,0.028846153846153848,0.0,0.0,0.0673076923076923,0.028846153846153848,0.019230769230769232,0.0,0.0,0.0,0.057692307692307696,0.0,0.057692307692307696,0.0,0.009615384615384616,0.009615384615384616,0.0673076923076923,0.0,0.0,0.038461538461538464,0.0,0.0
1.0,20.0,0.0,0.0,1.0,0.0,0.0,0.0,0.0,0.0,0.0,0.0,0.0,0.0,0.0,0.0,0.0,0.0,1.0,0.0,0.85,3.8,0.2,0.75,0.0,0.1,0.05,0.05,0.15,0.0,0.0,0.0,0.15,0.0,0.0,0.0,0.0,0.0,0.25,0.0,0.05,0.0,0.0,0.1,0.0,0.0,0.0,0.0,0.0,0.0,0.0,0.0,0.1,0.0,0.0,0.0,0.0,0.0,0.0,0.0,0.0
7.0,155.0,0.0,1.0,0.0,0.0,0.0,24.268901743522196,21.333333333333332,1.0,1.0,0.0,0.0,1.0,0.0,0.0,0.0,0.0,0.0,0.0,0.6129032258064516,4.064516129032258,0.15483870967741936,0.5741935483870968,0.0,0.07096774193548387,0.04516129032258064,0.01935483870967742,0.04516129032258064,0.0,0.1032258064516129,0.0064516129032258064,0.0967741935483871,0.06451612903225806,0.0,0.0,0.012903225806451613,0.15483870967741936,0.0064516129032258064,0.0,0.05806451612903226,0.0,0.0,0.03870967741935484,0.03870967741935484,0.04516129032258064,0.0,0.0,0.0,0.025806451612903226,0.0,0.025806451612903226,0.0,0.01935483870967742,0.01935483870967742,0.03870967741935484,0.03870967741935484,0.012903225806451613,0.012903225806451613,0.0,0.0
3.0,71.0,0.0,0.0,1.0,0.0,0.0,8.9566858950296,9.5,0.0,0.0,0.0,0.0,0.0,0.0,0.0,0.0,0.0,0.0,0.0,0.647887323943662,4.323943661971831,0.16901408450704225,0.647887323943662,0.0,0.056338028169014086,0.04225352112676056,0.07042253521126761,0.014084507042253521,0.0,0.028169014084507043,0.0,0.08450704225352113,0.08450704225352113,0.0,0.0,0.0,0.11267605633802817,0.0,0.0,0.11267605633802817,0.0,0.0,0.07042253521126761,0.04225352112676056,0.04225352112676056,0.0,0.0,0.0,0.056338028169014086,0.0,0.056338028169014086,0.0,0.028169014084507043,0.0,0.04225352112676056,0.04225352112676056,0.0,0.014084507042253521,0.0,0.0
4.0,140.0,0.0,0.0,1.0,0.0,0.0,14.949916387726054,14.0,0.0,1.0,0.0,0.0,1.0,1.0,0.0,0.0,0.0,1.0,0.0,0.6571428571428571,4.292857142857143,0.10714285714285714,0.5571428571428572,0.0,0.05714285714285714,0.02857142857142857,0.007142857142857143,0.04285714285714286,0.0,0.12142857142857143,0.0,0.1357142857142857,0.05714285714285714,0.007142857142857143,0.0,0.02857142857142857,0.18571428571428572,0.04285714285714286,0.007142857142857143,0.04285714285714286,0.0,0.0,0.02857142857142857,0.04285714285714286,0.02142857142857143,0.0,0.007142857142857143,0.0,0.03571428571428571,0.0,0.05,0.0,0.0,0.007142857142857143,0.007142857142857143,0.014285714285714285,0.014285714285714285,0.007142857142857143,0.0,0.0
1.0,13.0,0.0,0.0,0.0,0.0,0.0,0.0,0.0,0.0,0.0,0.0,0.0,0.0,0.0,0.0,0.0,0.0,0.0,0.0,1.0,4.153846153846154,0.07692307692307693,0.6153846153846154,0.0,0.0,0.07692307692307693,0.0,0.15384615384615385,0.0,0.0,0.0,0.15384615384615385,0.23076923076923078,0.0,0.0,0.0,0.0,0.0,0.0,0.07692307692307693,0.0,0.0,0.15384615384615385,0.0,0.07692307692307693,0.0,0.0,0.0,0.0,0.0,0.0,0.0,0.0,0.0,0.07692307692307693,0.0,0.0,0.0,0.0,0.0
3.0,86.0,0.0,0.0,1.0,0.0,1.0,11.440668201153676,17.0,0.0,1.0,0.0,0.0,0.0,0.0,0.0,0.0,0.0,0.0,0.0,0.7441860465116279,4.116279069767442,0.10465116279069768,0.6162790697674418,0.0,0.03488372093023256,0.03488372093023256,0.023255813953488372,0.05813953488372093,0.0,0.05813953488372093,0.0,0.06976744186046512,0.09302325581395349,0.0,0.0,0.03488372093023256,0.08139534883720931,0.0,0.0,0.11627906976744186,0.0,0.011627906976744186,0.08139534883720931,0.023255813953488372,0.03488372093023256,0.0,0.0,0.0,0.08139534883720931,0.0,0.08139534883720931,0.0,0.0,0.011627906976744186,0.046511627906976744,0.011627906976744186,0.011627906976744186,0.0,0.0,0.0
4.0,134.0,0.0,0.0,1.0,0.0,1.0,8.874119674649425,11.333333333333334,0.0,1.0,0.0,0.0,1.0,0.0,0.0,0.0,0.0,0.0,0.0,0.6791044776119403,4.425373134328358,0.08955223880597014,0.6044776119402985,0.007462686567164179,0.029850746268656716,0.029850746268656716,0.014925373134328358,0.06716417910447761,0.014925373134328358,0.06716417910447761,0.0,0.08208955223880597,0.07462686567164178,0.0,0.0,0.04477611940298507,0.1044776119402985,0.0,0.0,0.14925373134328357,0.007462686567164179,0.007462686567164179,0.029850746268656716,0.029850746268656716,0.06716417910447761,0.014925373134328358,0.0,0.0,0.029850746268656716,0.0,0.04477611940298507,0.0,0.014925373134328358,0.014925373134328358,0.022388059701492536,0.014925373134328358,0.007462686567164179,0.0,0.0,0.007462686567164179
2.0,18.0,0.0,0.0,1.0,0.0,0.0,1.0,2.0,1.0,0.0,0.0,0.0,0.0,0.0,0.0,0.0,0.0,1.0,0.0,1.0,3.111111111111111,0.1111111111111111,0.6111111111111112,0.0,0.0,0.05555555555555555,0.05555555555555555,0.05555555555555555,0.0,0.05555555555555555,0.0,0.05555555555555555,0.05555555555555555,0.0,0.0,0.0,0.1111111111111111,0.05555555555555555,0.0,0.05555555555555555,0.0,0.0,0.1111111111111111,0.1111111111111111,0.0,0.0,0.0,0.0,0.05555555555555555,0.0,0.05555555555555555,0.0,0.0,0.0,0.05555555555555555,0.05555555555555555,0.0,0.0,0.0,0.0
8.0,144.0,0.0,0.0,0.0,1.0,0.0,9.797958971132712,10.857142857142858,1.0,1.0,0.0,0.0,0.0,0.0,0.0,0.0,0.0,0.0,0.0,0.625,3.548611111111111,0.09722222222222222,0.5416666666666666,0.0,0.041666666666666664,0.05555555555555555,0.0,0.027777777777777776,0.0,0.08333333333333333,0.0,0.08333333333333333,0.027777777777777776,0.020833333333333332,0.0,0.006944444444444444,0.11805555555555555,0.0,0.0,0.05555555555555555,0.0,0.0,0.10416666666666667,0.04861111111111111,0.04861111111111111,0.013888888888888888,0.0,0.0,0.04861111111111111,0.0,0.06944444444444445,0.034722222222222224,0.0,0.006944444444444444,0.04861111111111111,0.013888888888888888,0.0,0.034722222222222224,0.0,0.006944444444444444
4.0,97.0,0.0,0.0,0.0,0.0,0.0,4.763139720814412,3.3333333333333335,0.0,0.0,0.0,0.0,1.0,0.0,1.0,0.0,0.0,0.0,0.0,0.6804123711340206,4.278350515463917,0.07216494845360824,0.5773195876288659,0.0,0.030927835051546393,0.041237113402061855,0.0,0.05154639175257732,0.0,0.13402061855670103,0.0,0.13402061855670103,0.030927835051546393,0.0,0.0,0.030927835051546393,0.18556701030927836,0.010309278350515464,0.0,0.05154639175257732,0.0,0.0,0.041237113402061855,0.030927835051546393,0.020618556701030927,0.0,0.0,0.0,0.020618556701030927,0.0,0.061855670103092786,0.030927835051546393,0.020618556701030927,0.010309278350515464,0.020618556701030927,0.010309278350515464,0.020618556701030927,0.0,0.0,0.010309278350515464
1.0,98.0,0.0,0.0,1.0,0.0,0.0,0.0,0.0,0.0,1.0,0.0,0.0,0.0,0.0,1.0,0.0,0.0,1.0,0.0,0.673469387755102,4.0,0.1326530612244898,0.5816326530612245,0.0,0.05102040816326531,0.01020408163265306,0.030612244897959183,0.04081632653061224,0.0,0.10204081632653061,0.0,0.12244897959183673,0.05102040816326531,0.0,0.0,0.0,0.11224489795918367,0.07142857142857142,0.0,0.061224489795918366,0.01020408163265306,0.0,0.061224489795918366,0.02040816326530612,0.05102040816326531,0.0,0.01020408163265306,0.0,0.030612244897959183,0.0,0.030612244897959183,0.030612244897959183,0.0,0.02040816326530612,0.030612244897959183,0.030612244897959183,0.01020408163265306,0.01020408163265306,0.0,0.0
10.0,158.0,0.0,1.0,0.0,0.0,1.0,5.74108003776293,7.111111111111111,1.0,0.0,0.0,0.0,0.0,0.0,0.0,0.0,0.0,0.0,0.0,0.5822784810126582,3.9050632911392404,0.14556962025316456,0.569620253164557,0.006329113924050633,0.06329113924050633,0.06329113924050633,0.006329113924050633,0.02531645569620253,0.0,0.0949367088607595,0.03164556962025317,0.0759493670886076,0.03164556962025317,0.0,0.0,0.012658227848101266,0.13291139240506328,0.012658227848101266,0.0,0.06329113924050633,0.006329113924050633,0.0,0.06329113924050633,0.02531645569620253,0.0189873417721519,0.0,0.0,0.0,0.0379746835443038,0.0,0.056962025316455694,0.0,0.012658227848101266,0.03164556962025317,0.06962025316455696,0.02531645569620253,0.012658227848101266,0.0189873417721519,0.0,0.0
4.0,87.0,0.0,0.0,0.0,1.0,0.0,9.364160400164021,15.333333333333334,0.0,1.0,0.0,0.0,1.0,0.0,1.0,0.0,0.0,0.0,0.0,0.6781609195402298,3.7241379310344827,0.13793103448275862,0.5862068965517241,0.0,0.09195402298850575,0.04597701149425287,0.0,0.08045977011494253,0.0,0.08045977011494253,0.0,0.13793103448275862,0.08045977011494253,0.0,0.0,0.0,0.14942528735632185,0.011494252873563218,0.0,0.022988505747126436,0.0,0.0,0.05747126436781609,0.034482758620689655,0.04597701149425287,0.011494252873563218,0.0,0.0,0.0,0.0,0.022988505747126436,0.022988505747126436,0.011494252873563218,0.0,0.04597701149425287,0.034482758620689655,0.0,0.011494252873563218,0.0,0.0
1.0,32.0,0.0,0.0,0.0,0.0,0.0,0.0,0.0,0.0,0.0,0.0,0.0,0.0,0.0,0.0,0.0,0.0,0.0,0.0,0.84375,4.6875,0.125,0.71875,0.0,0.09375,0.03125,0.0,0.0625,0.0,0.0,0.0,0.125,0.1875,0.0,0.0,0.0,0.25,0.0,0.0,0.0625,0.0,0.0,0.0,0.0625,0.0,0.0,0.0,0.0,0.03125,0.0,0.0,0.0,0.0,0.0,0.03125,0.03125,0.03125,0.0,0.0,0.0
4.0,46.0,0.0,1.0,0.0,0.0,0.0,2.29128784747792,4.666666666666667,1.0,0.0,0.0,0.0,1.0,0.0,1.0,0.0,0.0,0.0,0.0,0.782608695652174,3.3043478260869565,0.15217391304347827,0.5434782608695652,0.0,0.021739130434782608,0.08695652173913043,0.021739130434782608,0.06521739130434782,0.0,0.06521739130434782,0.0,0.06521739130434782,0.08695652173913043,0.0,0.0,0.043478260869565216,0.06521739130434782,0.021739130434782608,0.0,0.021739130434782608,0.0,0.0,0.15217391304347827,0.0,0.043478260869565216,0.0,0.0,0.0,0.021739130434782608,0.0,0.06521739130434782,0.0,0.0,0.043478260869565216,0.10869565217391304,0.0,0.0,0.0,0.0,0.0
1.0,28.0,0.0,0.0,0.0,0.0,0.0,0.0,0.0,0.0,0.0,0.0,0.0,0.0,0.0,0.0,0.0,0.0,0.0,0.0,0.8571428571428571,4.892857142857143,0.10714285714285714,0.6428571428571429,0.0,0.07142857142857142,0.03571428571428571,0.0,0.0,0.0,0.17857142857142858,0.0,0.14285714285714285,0.10714285714285714,0.0,0.03571428571428571,0.0,0.17857142857142858,0.0,0.0,0.07142857142857142,0.0,0.0,0.0,0.0,0.03571428571428571,0.0,0.0,0.0,0.0,0.0,0.0,0.03571428571428571,0.0,0.03571428571428571,0.0,0.07142857142857142,0.0,0.0,0.0,0.0
2.0,15.0,0.0,0.0,0.0,0.0,0.0,2.5,5.0,1.0,0.0,0.0,0.0,0.0,0.0,1.0,0.0,0.0,0.0,0.0,0.8,3.466666666666667,0.13333333333333333,0.4666666666666667,0.0,0.0,0.13333333333333333,0.0,0.0,0.0,0.06666666666666667,0.0,0.26666666666666666,0.0,0.0,0.0,0.06666666666666667,0.06666666666666667,0.0,0.06666666666666667,0.0,0.0,0.0,0.13333333333333333,0.0,0.0,0.0,0.0,0.0,0.0,0.0,0.06666666666666667,0.0,0.0,0.06666666666666667,0.0,0.06666666666666667,0.0,0.0,0.0,0.0
5.0,78.0,0.0,0.0,1.0,0.0,0.0,9.32952303175248,9.0,1.0,0.0,0.0,0.0,0.0,0.0,0.0,0.0,0.0,0.0,0.0,0.7307692307692307,4.243589743589744,0.10256410256410256,0.6153846153846154,0.0,0.02564102564102564,0.0641025641025641,0.01282051282051282,0.07692307692307693,0.0,0.07692307692307693,0.0,0.11538461538461539,0.01282051282051282,0.0,0.0,0.0641025641025641,0.19230769230769232,0.01282051282051282,0.0,0.07692307692307693,0.0,0.0,0.05128205128205128,0.05128205128205128,0.01282051282051282,0.0,0.0,0.0,0.01282051282051282,0.0,0.07692307692307693,0.01282051282051282,0.01282051282051282,0.01282051282051282,0.0,0.01282051282051282,0.01282051282051282,0.0,0.0,0.0
2.0,51.0,0.0,0.0,1.0,0.0,0.0,0.5,1.0,0.0,0.0,0.0,0.0,0.0,0.0,0.0,0.0,0.0,0.0,0.0,0.8431372549019608,4.294117647058823,0.058823529411764705,0.5490196078431373,0.0,0.0,0.0392156862745098,0.0196078431372549,0.11764705882352941,0.0,0.0784313725490196,0.0,0.11764705882352941,0.0392156862745098,0.058823529411764705,0.0,0.0196078431372549,0.09803921568627451,0.0392156862745098,0.0,0.09803921568627451,0.0196078431372549,0.0,0.0392156862745098,0.0392156862745098,0.0392156862745098,0.0,0.0,0.0,0.0,0.0,0.0392156862745098,0.09803921568627451,0.0,0.0,0.0,0.0,0.0,0.0,0.0,0.0
9.0,143.0,0.0,0.0,1.0,0.0,1.0,8.130114724411875,9.625,1.0,0.0,0.0,0.0,1.0,0.0,1.0,0.0,0.0,0.0,0.0,0.6503496503496503,3.8181818181818183,0.13286713286713286,0.5944055944055944,0.0,0.04195804195804196,0.06293706293706294,0.013986013986013986,0.04895104895104895,0.0,0.1258741258741259,0.006993006993006993,0.08391608391608392,0.08391608391608392,0.0,0.0,0.013986013986013986,0.1048951048951049,0.02097902097902098,0.0,0.055944055944055944,0.0,0.013986013986013986,0.02097902097902098,0.013986013986013986,0.07692307692307693,0.0,0.0,0.0,0.006993006993006993,0.0,0.02097902097902098,0.013986013986013986,0.013986013986013986,0.06993006993006994,0.02097902097902098,0.055944055944055944,0.006993006993006993,0.0,0.0,0.0
1.0,21.0,0.0,0.0,0.0,0.0,0.0,0.0,0.0,0.0,0.0,0.0,0.0,1.0,0.0,0.0,0.0,0.0,0.0,0.0,0.9523809523809523,3.2857142857142856,0.09523809523809523,0.38095238095238093,0.0,0.047619047619047616,0.047619047619047616,0.0,0.047619047619047616,0.0,0.09523809523809523,0.0,0.09523809523809523,0.047619047619047616,0.0,0.0,0.047619047619047616,0.14285714285714285,0.0,0.0,0.0,0.0,0.0,0.047619047619047616,0.047619047619047616,0.047619047619047616,0.0,0.0,0.0,0.047619047619047616,0.0,0.14285714285714285,0.0,0.0,0.0,0.047619047619047616,0.0,0.0,0.047619047619047616,0.0,0.0
4.0,139.0,0.0,0.0,1.0,0.0,1.0,17.80975856096876,26.0,0.0,1.0,0.0,0.0,0.0,0.0,0.0,0.0,0.0,0.0,0.0,0.6618705035971223,3.8992805755395685,0.1079136690647482,0.5323741007194245,0.007194244604316547,0.06474820143884892,0.02877697841726619,0.007194244604316547,0.06474820143884892,0.0,0.11510791366906475,0.0,0.10071942446043165,0.04316546762589928,0.0,0.0,0.014388489208633094,0.17266187050359713,0.007194244604316547,0.0,0.06474820143884892,0.007194244604316547,0.0,0.03597122302158273,0.03597122302158273,0.03597122302158273,0.007194244604316547,0.0,0.007194244604316547,0.02877697841726619,0.0,0.03597122302158273,0.02158273381294964,0.014388489208633094,0.02158273381294964,0.02158273381294964,0.014388489208633094,0.0,0.014388489208633094,0.0,0.007194244604316547
4.0,88.0,0.0,1.0,0.0,0.0,0.0,12.90348790056394,11.666666666666666,0.0,1.0,0.0,0.0,1.0,1.0,0.0,0.0,0.0,0.0,0.0,0.7272727272727273,4.318181818181818,0.10227272727272728,0.5909090909090909,0.0,0.045454545454545456,0.045454545454545456,0.011363636363636364,0.056818181818181816,0.011363636363636364,0.11363636363636363,0.0,0.125,0.045454545454545456,0.0,0.0,0.0,0.09090909090909091,0.022727272727272728,0.011363636363636364,0.11363636363636363,0.0,0.0,0.011363636363636364,0.022727272727272728,0.09090909090909091,0.0,0.0,0.0,0.022727272727272728,0.0,0.0,0.0,0.03409090909090909,0.06818181818181818,0.03409090909090909,0.022727272727272728,0.0,0.0,0.0,0.0
4.0,115.0,0.0,1.0,1.0,0.0,0.0,5.539629951540085,11.333333333333334,0.0,0.0,0.0,0.0,1.0,1.0,1.0,0.0,0.0,0.0,0.0,0.7217391304347827,4.217391304347826,0.1391304347826087,0.5478260869565217,0.0,0.05217391304347826,0.034782608695652174,0.034782608695652174,0.02608695652173913,0.0,0.11304347826086956,0.0,0.13043478260869565,0.02608695652173913,0.008695652173913044,0.0,0.017391304347826087,0.13043478260869565,0.008695652173913044,0.008695652173913044,0.043478260869565216,0.0,0.0,0.10434782608695652,0.008695652173913044,0.06086956521739131,0.0,0.0,0.008695652173913044,0.017391304347826087,0.0,0.034782608695652174,0.0,0.0,0.0,0.06956521739130435,0.017391304347826087,0.02608695652173913,0.017391304347826087,0.0,0.0
2.0,34.0,0.0,0.0,0.0,0.0,0.0,2.0,4.0,0.0,0.0,0.0,0.0,0.0,0.0,1.0,0.0,0.0,0.0,0.0,0.7941176470588235,4.176470588235294,0.11764705882352941,0.5882352941176471,0.0,0.058823529411764705,0.058823529411764705,0.0,0.08823529411764706,0.0,0.058823529411764705,0.0,0.08823529411764706,0.029411764705882353,0.0,0.0,0.029411764705882353,0.08823529411764706,0.0,0.029411764705882353,0.058823529411764705,0.0,0.0,0.029411764705882353,0.08823529411764706,0.058823529411764705,0.0,0.0,0.0,0.029411764705882353,0.0,0.058823529411764705,0.0,0.0,0.08823529411764706,0.029411764705882353,0.029411764705882353,0.0,0.0,0.0,0.0
1.0,10.0,0.0,0.0,0.0,0.0,0.0,0.0,0.0,1.0,0.0,0.0,0.0,0.0,0.0,0.0,0.0,0.0,0.0,0.0,0.9,3.5,0.3,0.7,0.0,0.2,0.1,0.0,0.0,0.0,0.0,0.0,0.1,0.1,0.0,0.1,0.0,0.0,0.1,0.0,0.0,0.0,0.0,0.0,0.1,0.1,0.0,0.0,0.0,0.0,0.0,0.0,0.0,0.0,0.0,0.0,0.1,0.0,0.0,0.0,0.0
3.0,61.0,0.0,1.0,1.0,0.0,0.0,11.115554667022044,23.0,1.0,0.0,0.0,0.0,0.0,0.0,1.0,0.0,0.0,0.0,0.0,0.8524590163934426,4.360655737704918,0.13114754098360656,0.5901639344262295,0.0,0.03278688524590164,0.04918032786885246,0.03278688524590164,0.03278688524590164,0.0,0.04918032786885246,0.01639344262295082,0.04918032786885246,0.09836065573770492,0.0,0.0,0.01639344262295082,0.09836065573770492,0.0,0.0,0.08196721311475409,0.0,0.0,0.01639344262295082,0.04918032786885246,0.04918032786885246,0.0,0.0,0.0,0.03278688524590164,0.0,0.04918032786885246,0.0,0.0,0.04918032786885246,0.08196721311475409,0.03278688524590164,0.0,0.06557377049180328,0.0,0.01639344262295082
1.0,44.0,0.0,0.0,1.0,0.0,0.0,0.0,0.0,0.0,1.0,0.0,0.0,0.0,0.0,0.0,0.0,0.0,0.0,0.0,0.75,4.2727272727272725,0.11363636363636363,0.5681818181818182,0.0,0.06818181818181818,0.022727272727272728,0.022727272727272728,0.06818181818181818,0.0,0.045454545454545456,0.0,0.11363636363636363,0.022727272727272728,0.022727272727272728,0.0,0.022727272727272728,0.13636363636363635,0.0,0.0,0.045454545454545456,0.0,0.0,0.045454545454545456,0.022727272727272728,0.045454545454545456,0.0,0.0,0.0,0.11363636363636363,0.0,0.18181818181818182,0.0,0.0,0.0,0.0,0.0,0.0,0.0,0.0,0.0
4.0,103.0,0.0,1.0,0.0,0.0,1.0,5.931905258852336,9.0,0.0,0.0,0.0,0.0,1.0,0.0,0.0,0.0,0.0,0.0,0.0,0.6310679611650486,4.0,0.10679611650485436,0.5631067961165048,0.009708737864077669,0.02912621359223301,0.038834951456310676,0.009708737864077669,0.038834951456310676,0.0,0.11650485436893204,0.0,0.0970873786407767,0.06796116504854369,0.0,0.0,0.0,0.17475728155339806,0.009708737864077669,0.0,0.04854368932038835,0.0,0.0,0.05825242718446602,0.02912621359223301,0.04854368932038835,0.0,0.0,0.0,0.05825242718446602,0.0,0.08737864077669903,0.0,0.009708737864077669,0.0,0.009708737864077669,0.05825242718446602,0.0,0.0,0.0,0.0
2.0,56.0,0.0,0.0,0.0,0.0,1.0,5.0,10.0,0.0,0.0,0.0,0.0,0.0,0.0,0.0,0.0,0.0,0.0,0.0,0.8214285714285714,4.839285714285714,0.10714285714285714,0.5357142857142857,0.0,0.05357142857142857,0.03571428571428571,0.0,0.05357142857142857,0.0,0.07142857142857142,0.0,0.125,0.05357142857142857,0.0,0.0,0.017857142857142856,0.23214285714285715,0.0,0.0,0.03571428571428571,0.0,0.017857142857142856,0.05357142857142857,0.07142857142857142,0.03571428571428571,0.0,0.0,0.0,0.017857142857142856,0.0,0.017857142857142856,0.0,0.0,0.05357142857142857,0.05357142857142857,0.0,0.0,0.0,0.0,0.0
1.0,25.0,0.0,0.0,0.0,0.0,0.0,0.0,0.0,0.0,0.0,0.0,0.0,0.0,1.0,1.0,0.0,0.0,0.0,0.0,0.96,3.76,0.04,0.48,0.0,0.0,0.04,0.0,0.0,0.0,0.08,0.0,0.2,0.04,0.04,0.0,0.0,0.12,0.0,0.0,0.04,0.0,0.0,0.12,0.08,0.0,0.0,0.0,0.0,0.0,0.0,0.0,0.0,0.0,0.04,0.08,0.08,0.0,0.04,0.0,0.0
1.0,10.0,0.0,0.0,0.0,0.0,0.0,0.0,0.0,1.0,0.0,0.0,0.0,0.0,0.0,1.0,0.0,0.0,0.0,0.0,0.9,4.1,0.1,0.5,0.0,0.0,0.1,0.0,0.1,0.0,0.3,0.0,0.1,0.0,0.0,0.0,0.0,0.3,0.0,0.0,0.0,0.0,0.0,0.0,0.0,0.0,0.0,0.0,0.0,0.0,0.0,0.0,0.0,0.0,0.0,0.0,0.1,0.0,0.0,0.0,0.0
2.0,15.0,0.0,0.0,0.0,0.0,0.0,4.5,9.0,1.0,0.0,0.0,0.0,0.0,0.0,0.0,0.0,0.0,1.0,0.0,0.7333333333333333,3.7333333333333334,0.13333333333333333,0.6666666666666666,0.0,0.0,0.13333333333333333,0.0,0.06666666666666667,0.0,0.06666666666666667,0.0,0.06666666666666667,0.0,0.0,0.0,0.0,0.06666666666666667,0.3333333333333333,0.06666666666666667,0.0,0.0,0.0,0.13333333333333333,0.0,0.0,0.0,0.0,0.0,0.0,0.0,0.0,0.06666666666666667,0.0,0.0,0.0,0.0,0.0,0.0,0.0,0.0
3.0,22.0,0.0,0.0,0.0,0.0,0.0,4.0276819911981905,4.5,1.0,0.0,0.0,0.0,0.0,0.0,1.0,0.0,0.0,0.0,0.0,0.8636363636363636,4.0,0.13636363636363635,0.7272727272727273,0.0,0.0,0.13636363636363635,0.0,0.09090909090909091,0.0,0.22727272727272727,0.0,0.09090909090909091,0.0,0.0,0.0,0.0,0.22727272727272727,0.0,0.0,0.0,0.0,0.0,0.0,0.0,0.045454545454545456,0.0,0.0,0.0,0.0,0.0,0.0,0.0,0.0,0.0,0.0,0.18181818181818182,0.0,0.0,0.0,0.0
7.0,107.0,0.0,1.0,0.0,0.0,0.0,7.629159955896394,9.666666666666666,1.0,0.0,0.0,0.0,1.0,0.0,1.0,0.0,0.0,0.0,0.0,0.6822429906542056,4.336448598130841,0.14018691588785046,0.6542056074766355,0.0,0.056074766355140186,0.06542056074766354,0.009345794392523364,0.056074766355140186,0.0,0.08411214953271028,0.0,0.056074766355140186,0.102803738317757,0.0,0.0,0.009345794392523364,0.12149532710280374,0.018691588785046728,0.0,0.056074766355140186,0.0,0.0,0.056074766355140186,0.04672897196261682,0.018691588785046728,0.028037383177570093,0.009345794392523364,0.028037383177570093,0.0,0.0,0.018691588785046728,0.018691588785046728,0.04672897196261682,0.018691588785046728,0.037383177570093455,0.028037383177570093,0.0,0.0,0.0,0.009345794392523364
1.0,21.0,0.0,0.0,0.0,0.0,0.0,0.0,0.0,0.0,0.0,0.0,0.0,0.0,0.0,0.0,0.0,0.0,0.0,0.0,1.0,4.523809523809524,0.09523809523809523,0.5714285714285714,0.0,0.047619047619047616,0.047619047619047616,0.0,0.047619047619047616,0.0,0.047619047619047616,0.047619047619047616,0.047619047619047616,0.09523809523809523,0.0,0.0,0.0,0.14285714285714285,0.0,0.0,0.047619047619047616,0.0,0.0,0.047619047619047616,0.0,0.09523809523809523,0.0,0.0,0.0,0.047619047619047616,0.0,0.047619047619047616,0.047619047619047616,0.0,0.0,0.047619047619047616,0.047619047619047616,0.0,0.0,0.0,0.047619047619047616
8.0,147.0,0.0,1.0,0.0,0.0,1.0,9.286246550679127,8.285714285714286,1.0,0.0,0.0,0.0,1.0,0.0,1.0,0.0,0.0,0.0,0.0,0.5918367346938775,3.7142857142857144,0.12244897959183673,0.5714285714285714,0.013605442176870748,0.04081632653061224,0.05442176870748299,0.006802721088435374,0.09523809523809523,0.0,0.07482993197278912,0.006802721088435374,0.034013605442176874,0.061224489795918366,0.0,0.0,0.047619047619047616,0.12244897959183673,0.0,0.0,0.08843537414965986,0.013605442176870748,0.0,0.061224489795918366,0.047619047619047616,0.027210884353741496,0.0,0.0,0.0,0.047619047619047616,0.0,0.10884353741496598,0.006802721088435374,0.0,0.006802721088435374,0.013605442176870748,0.013605442176870748,0.006802721088435374,0.0,0.0,0.0
3.0,56.0,0.0,0.0,1.0,0.0,1.0,13.02134998974974,14.5,1.0,1.0,0.0,0.0,0.0,0.0,0.0,0.0,0.0,0.0,0.0,0.6607142857142857,3.7142857142857144,0.17857142857142858,0.6607142857142857,0.017857142857142856,0.05357142857142857,0.05357142857142857,0.05357142857142857,0.03571428571428571,0.0,0.05357142857142857,0.0,0.08928571428571429,0.125,0.0,0.0,0.017857142857142856,0.16071428571428573,0.0,0.0,0.05357142857142857,0.0,0.0,0.05357142857142857,0.0,0.017857142857142856,0.017857142857142856,0.0,0.0,0.017857142857142856,0.0,0.017857142857142856,0.0,0.0,0.017857142857142856,0.05357142857142857,0.03571428571428571,0.0,0.03571428571428571,0.0,0.017857142857142856
3.0,76.0,0.0,0.0,0.0,0.0,0.0,2.0548046676563256,2.5,0.0,0.0,0.0,0.0,1.0,0.0,0.0,0.0,0.0,0.0,0.0,0.7105263157894737,4.5,0.10526315789473684,0.5789473684210527,0.0,0.06578947368421052,0.039473684210526314,0.0,0.06578947368421052,0.0,0.09210526315789473,0.0,0.07894736842105263,0.05263157894736842,0.0,0.0,0.05263157894736842,0.13157894736842105,0.0,0.013157894736842105,0.09210526315789473,0.0,0.0,0.02631578947368421,0.02631578947368421,0.06578947368421052,0.013157894736842105,0.0,0.0,0.05263157894736842,0.0,0.07894736842105263,0.0,0.039473684210526314,0.0,0.013157894736842105,0.0,0.0,0.0,0.0,0.0
4.0,133.0,0.0,0.0,1.0,0.0,1.0,13.827056809024834,15.0,0.0,1.0,0.0,0.0,1.0,1.0,0.0,0.0,0.0,0.0,0.0,0.6842105263157895,3.962406015037594,0.09022556390977443,0.5413533834586466,0.0,0.03759398496240601,0.03007518796992481,0.015037593984962405,0.03007518796992481,0.0,0.09774436090225563,0.0,0.12781954887218044,0.09022556390977443,0.0,0.015037593984962405,0.015037593984962405,0.12030075187969924,0.022556390977443608,0.0,0.05263157894736842,0.0,0.007518796992481203,0.06766917293233082,0.03007518796992481,0.05263157894736842,0.0,0.0,0.0,0.015037593984962405,0.0,0.03759398496240601,0.0,0.022556390977443608,0.007518796992481203,0.03759398496240601,0.03759398496240601,0.0,0.0,0.0,0.03007518796992481
2.0,115.0,0.0,1.0,1.0,0.0,0.0,2.5,5.0,0.0,1.0,0.0,0.0,1.0,1.0,1.0,0.0,0.0,0.0,0.0,0.6608695652173913,4.095652173913043,0.10434782608695652,0.5391304347826087,0.0,0.034782608695652174,0.02608695652173913,0.02608695652173913,0.05217391304347826,0.0,0.12173913043478261,0.0,0.14782608695652175,0.06956521739130435,0.0,0.008695652173913044,0.008695652173913044,0.2,0.02608695652173913,0.0,0.0,0.0,0.0,0.034782608695652174,0.043478260869565216,0.05217391304347826,0.0,0.0,0.0,0.034782608695652174,0.0,0.02608695652173913,0.0,0.0,0.017391304347826087,0.0,0.06086956521739131,0.0,0.0,0.0,0.008695652173913044
2.0,83.0,0.0,1.0,0.0,0.0,0.0,14.5,29.0,0.0,1.0,0.0,0.0,1.0,0.0,0.0,0.0,0.0,0.0,0.0,0.5542168674698795,3.3373493975903616,0.13253012048192772,0.5180722891566265,0.0,0.07228915662650602,0.024096385542168676,0.024096385542168676,0.04819277108433735,0.0,0.1686746987951807,0.0,0.0963855421686747,0.04819277108433735,0.0,0.0,0.012048192771084338,0.18072289156626506,0.0,0.0,0.0,0.0,0.0,0.060240963855421686,0.0,0.04819277108433735,0.0,0.0,0.0,0.03614457831325301,0.0,0.04819277108433735,0.03614457831325301,0.012048192771084338,0.0,0.024096385542168676,0.012048192771084338,0.03614457831325301,0.0,0.012048192771084338,0.0
3.0,61.0,0.0,0.0,0.0,0.0,0.0,0.4714045207910317,0.5,0.0,0.0,0.0,0.0,1.0,0.0,0.0,1.0,0.0,0.0,0.0,0.7377049180327869,4.295081967213115,0.13114754098360656,0.6065573770491803,0.0,0.08196721311475409,0.04918032786885246,0.0,0.06557377049180328,0.0,0.11475409836065574,0.0,0.09836065573770492,0.04918032786885246,0.0,0.0,0.0,0.14754098360655737,0.0,0.0,0.11475409836065574,0.0,0.0,0.03278688524590164,0.06557377049180328,0.08196721311475409,0.0,0.0,0.0,0.0,0.0,0.0,0.0,0.01639344262295082,0.01639344262295082,0.04918032786885246,0.01639344262295082,0.0,0.0,0.0,0.0
1.0,31.0,0.0,0.0,1.0,0.0,0.0,0.0,0.0,0.0,0.0,0.0,0.0,0.0,0.0,0.0,0.0,0.0,1.0,0.0,0.8709677419354839,3.3870967741935485,0.0967741935483871,0.5161290322580645,0.0,0.03225806451612903,0.03225806451612903,0.03225806451612903,0.03225806451612903,0.0,0.12903225806451613,0.0,0.03225806451612903,0.03225806451612903,0.0,0.0,0.06451612903225806,0.16129032258064516,0.03225806451612903,0.0,0.0,0.0,0.0,0.0967741935483871,0.03225806451612903,0.03225806451612903,0.0,0.0,0.0,0.0967741935483871,0.0,0.06451612903225806,0.03225806451612903,0.0,0.0,0.03225806451612903,0.0,0.0,0.0,0.0,0.03225806451612903
3.0,37.0,0.0,0.0,0.0,0.0,0.0,3.39934634239519,7.0,1.0,0.0,0.0,0.0,1.0,0.0,0.0,0.0,0.0,0.0,0.0,0.7027027027027027,4.027027027027027,0.1891891891891892,0.5405405405405406,0.0,0.10810810810810811,0.08108108108108109,0.0,0.05405405405405406,0.0,0.05405405405405406,0.05405405405405406,0.05405405405405406,0.02702702702702703,0.0,0.0,0.0,0.05405405405405406,0.0,0.02702702702702703,0.10810810810810811,0.0,0.0,0.05405405405405406,0.0,0.05405405405405406,0.0,0.0,0.0,0.0,0.0,0.0,0.0,0.02702702702702703,0.02702702702702703,0.10810810810810811,0.05405405405405406,0.0,0.0,0.0,0.05405405405405406
1.0,26.0,0.0,0.0,0.0,0.0,0.0,0.0,0.0,0.0,0.0,0.0,0.0,0.0,0.0,0.0,0.0,0.0,0.0,0.0,0.8461538461538461,4.923076923076923,0.11538461538461539,0.6538461538461539,0.0,0.07692307692307693,0.038461538461538464,0.0,0.11538461538461539,0.0,0.038461538461538464,0.0,0.038461538461538464,0.038461538461538464,0.0,0.0,0.0,0.11538461538461539,0.0,0.0,0.19230769230769232,0.0,0.0,0.038461538461538464,0.038461538461538464,0.038461538461538464,0.0,0.0,0.0,0.07692307692307693,0.0,0.07692307692307693,0.038461538461538464,0.0,0.0,0.0,0.038461538461538464,0.0,0.0,0.0,0.0
2.0,53.0,0.0,0.0,0.0,0.0,1.0,1.5,3.0,0.0,0.0,0.0,0.0,0.0,0.0,0.0,0.0,0.0,0.0,0.0,0.7358490566037735,3.792452830188679,0.11320754716981132,0.49056603773584906,0.0,0.03773584905660377,0.03773584905660377,0.0,0.1320754716981132,0.0,0.07547169811320754,0.0,0.03773584905660377,0.05660377358490566,0.0,0.0,0.03773584905660377,0.20754716981132076,0.0,0.0,0.09433962264150944,0.0,0.03773584905660377,0.03773584905660377,0.07547169811320754,0.03773584905660377,0.0,0.0,0.0,0.018867924528301886,0.0,0.03773584905660377,0.0,0.0,0.0,0.03773584905660377,0.0,0.0,0.0,0.0,0.0
1.0,13.0,0.0,0.0,0.0,0.0,0.0,0.0,0.0,0.0,0.0,0.0,0.0,0.0,0.0,0.0,0.0,0.0,0.0,0.0,0.9230769230769231,5.076923076923077,0.15384615384615385,0.8461538461538461,0.0,0.07692307692307693,0.07692307692307693,0.0,0.0,0.0,0.0,0.0,0.07692307692307693,0.0,0.0,0.07692307692307693,0.07692307692307693,0.3076923076923077,0.0,0.0,0.07692307692307693,0.0,0.0,0.07692307692307693,0.07692307692307693,0.0,0.0,0.0,0.0,0.0,0.0,0.07692307692307693,0.0,0.0,0.0,0.0,0.0,0.0,0.0,0.0,0.0
2.0,47.0,0.0,1.0,0.0,0.0,1.0,1.5,3.0,0.0,0.0,0.0,0.0,0.0,0.0,0.0,0.0,0.0,1.0,0.0,0.8085106382978723,3.276595744680851,0.19148936170212766,0.6382978723404256,0.02127659574468085,0.06382978723404255,0.0425531914893617,0.02127659574468085,0.06382978723404255,0.0,0.1276595744680851,0.0,0.10638297872340426,0.06382978723404255,0.02127659574468085,0.0,0.0,0.19148936170212766,0.02127659574468085,0.0,0.0851063829787234,0.0,0.0425531914893617,0.0425531914893617,0.0,0.0,0.0,0.0,0.0,0.0,0.0,0.0,0.0,0.0,0.0,0.06382978723404255,0.02127659574468085,0.0,0.0,0.0,0.0
2.0,8.0,0.0,0.0,0.0,0.0,0.0,1.0,2.0,1.0,0.0,0.0,0.0,0.0,0.0,0.0,0.0,0.0,0.0,0.0,0.625,3.0,0.25,0.625,0.0,0.0,0.25,0.0,0.0,0.0,0.0,0.0,0.0,0.0,0.0,0.0,0.0,0.0,0.25,0.0,0.0,0.0,0.0,0.25,0.0,0.25,0.0,0.0,0.0,0.0,0.0,0.0,0.0,0.0,0.0,0.0,0.0,0.0,0.0,0.0,0.0
2.0,53.0,0.0,0.0,0.0,0.0,0.0,1.5,3.0,0.0,0.0,0.0,0.0,0.0,0.0,1.0,0.0,0.0,0.0,0.0,0.7924528301886793,4.3584905660377355,0.09433962264150944,0.5660377358490566,0.0,0.05660377358490566,0.03773584905660377,0.0,0.018867924528301886,0.0,0.09433962264150944,0.0,0.1509433962264151,0.0,0.0,0.0,0.0,0.18867924528301888,0.03773584905660377,0.0,0.03773584905660377,0.0,0.0,0.09433962264150944,0.05660377358490566,0.05660377358490566,0.0,0.0,0.0,0.018867924528301886,0.0,0.0,0.0,0.0,0.07547169811320754,0.05660377358490566,0.018867924528301886,0.0,0.0,0.0,0.0
2.0,46.0,0.0,1.0,0.0,0.0,0.0,11.0,22.0,0.0,0.0,0.0,0.0,0.0,0.0,0.0,0.0,0.0,0.0,0.0,0.782608695652174,4.1521739130434785,0.13043478260869565,0.6956521739130435,0.0,0.043478260869565216,0.043478260869565216,0.043478260869565216,0.08695652173913043,0.0,0.043478260869565216,0.0,0.13043478260869565,0.043478260869565216,0.0,0.0,0.021739130434782608,0.21739130434782608,0.0,0.0,0.021739130434782608,0.0,0.0,0.06521739130434782,0.0,0.043478260869565216,0.0,0.0,0.0,0.021739130434782608,0.0,0.06521739130434782,0.08695652173913043,0.0,0.021739130434782608,0.0,0.0,0.0,0.0,0.0,0.0
6.0,108.0,0.0,1.0,0.0,0.0,1.0,6.0553007081949835,6.4,0.0,0.0,0.0,0.0,1.0,0.0,1.0,0.0,0.0,0.0,0.0,0.6666666666666666,4.212962962962963,0.1388888888888889,0.6296296296296297,0.018518518518518517,0.037037037037037035,0.05555555555555555,0.009259259259259259,0.05555555555555555,0.0,0.06481481481481481,0.0,0.009259259259259259,0.10185185185185185,0.0,0.0,0.06481481481481481,0.12037037037037036,0.018518518518518517,0.0,0.09259259259259259,0.0,0.0,0.05555555555555555,0.07407407407407407,0.018518518518518517,0.0,0.0,0.0,0.027777777777777776,0.0,0.07407407407407407,0.018518518518518517,0.0,0.0,0.027777777777777776,0.018518518518518517,0.009259259259259259,0.009259259259259259,0.0,0.018518518518518517
2.0,38.0,0.0,0.0,0.0,0.0,1.0,4.0,8.0,0.0,0.0,0.0,0.0,0.0,0.0,0.0,0.0,0.0,0.0,0.0,0.8157894736842105,3.473684210526316,0.13157894736842105,0.631578947368421,0.0,0.05263157894736842,0.05263157894736842,0.0,0.02631578947368421,0.0,0.13157894736842105,0.0,0.15789473684210525,0.05263157894736842,0.0,0.0,0.0,0.2894736842105263,0.02631578947368421,0.0,0.02631578947368421,0.0,0.02631578947368421,0.02631578947368421,0.0,0.05263157894736842,0.0,0.0,0.0,0.0,0.0,0.0,0.02631578947368421,0.02631578947368421,0.0,0.0,0.02631578947368421,0.0,0.0,0.0,0.0
3.0,62.0,0.0,0.0,0.0,0.0,0.0,1.247219128924647,2.5,0.0,0.0,0.0,0.0,0.0,0.0,0.0,0.0,0.0,0.0,0.0,0.8064516129032258,4.419354838709677,0.06451612903225806,0.6290322580645161,0.0,0.016129032258064516,0.04838709677419355,0.0,0.04838709677419355,0.0,0.03225806451612903,0.0,0.14516129032258066,0.0967741935483871,0.0,0.0,0.04838709677419355,0.11290322580645161,0.0,0.0,0.0967741935483871,0.0,0.0,0.08064516129032258,0.04838709677419355,0.03225806451612903,0.0,0.0,0.0,0.016129032258064516,0.0,0.06451612903225806,0.016129032258064516,0.04838709677419355,0.016129032258064516,0.0,0.016129032258064516,0.0,0.0,0.0,0.016129032258064516
1.0,24.0,0.0,0.0,0.0,0.0,1.0,0.0,0.0,0.0,0.0,0.0,0.0,0.0,0.0,0.0,0.0,0.0,0.0,0.0,0.9166666666666666,4.25,0.20833333333333334,0.6666666666666666,0.0,0.125,0.041666666666666664,0.0,0.041666666666666664,0.0,0.041666666666666664,0.0,0.041666666666666664,0.041666666666666664,0.0,0.0,0.0,0.375,0.0,0.0,0.0,0.0,0.041666666666666664,0.041666666666666664,0.041666666666666664,0.0,0.0,0.0,0.041666666666666664,0.041666666666666664,0.0,0.041666666666666664,0.0,0.0,0.0,0.041666666666666664,0.0,0.0,0.0,0.0,0.0
2.0,32.0,0.0,0.0,0.0,0.0,1.0,7.0,14.0,1.0,0.0,0.0,0.0,0.0,0.0,0.0,0.0,0.0,0.0,0.0,0.8125,4.0,0.21875,0.65625,0.0,0.125,0.0625,0.0,0.0,0.0,0.0625,0.0,0.125,0.15625,0.0,0.03125,0.0,0.1875,0.03125,0.0,0.0,0.0,0.03125,0.03125,0.0625,0.0,0.0,0.0,0.0,0.0,0.0,0.0,0.0,0.0,0.0,0.03125,0.0625,0.0,0.0,0.0,0.0
6.0,124.0,0.0,0.0,0.0,0.0,0.0,8.19891591749923,9.2,1.0,0.0,0.0,0.0,1.0,0.0,0.0,0.0,0.0,0.0,0.0,0.6935483870967742,4.17741935483871,0.12903225806451613,0.6451612903225806,0.0,0.08064516129032258,0.04838709677419355,0.0,0.08064516129032258,0.008064516129032258,0.07258064516129033,0.0,0.10483870967741936,0.08064516129032258,0.0,0.0,0.03225806451612903,0.1774193548387097,0.03225806451612903,0.0,0.04032258064516129,0.0,0.0,0.024193548387096774,0.04032258064516129,0.04032258064516129,0.0,0.0,0.0,0.008064516129032258,0.0,0.04032258064516129,0.0,0.008064516129032258,0.008064516129032258,0.008064516129032258,0.056451612903225805,0.0,0.0,0.0,0.008064516129032258
2.0,49.0,0.0,0.0,1.0,1.0,0.0,9.5,19.0,0.0,0.0,0.0,0.0,0.0,0.0,1.0,0.0,0.0,1.0,0.0,0.8367346938775511,4.163265306122449,0.12244897959183673,0.5918367346938775,0.0,0.02040816326530612,0.02040816326530612,0.02040816326530612,0.04081632653061224,0.0,0.16326530612244897,0.0,0.061224489795918366,0.02040816326530612,0.0,0.0,0.0,0.16326530612244897,0.16326530612244897,0.0,0.02040816326530612,0.0,0.0,0.04081632653061224,0.0,0.04081632653061224,0.0,0.0,0.0,0.061224489795918366,0.0,0.04081632653061224,0.04081632653061224,0.0,0.02040816326530612,0.02040816326530612,0.04081632653061224,0.0,0.0,0.0,0.0
3.0,74.0,0.0,0.0,0.0,0.0,1.0,13.123346456686352,15.0,0.0,1.0,0.0,0.0,1.0,0.0,1.0,0.0,0.0,0.0,0.0,0.6351351351351351,3.7162162162162162,0.14864864864864866,0.527027027027027,0.013513513513513514,0.06756756756756757,0.04054054054054054,0.0,0.06756756756756757,0.0,0.0945945945945946,0.0,0.10810810810810811,0.02702702702702703,0.0,0.013513513513513514,0.0,0.10810810810810811,0.0,0.0,0.12162162162162163,0.0,0.0,0.10810810810810811,0.04054054054054054,0.02702702702702703,0.0,0.013513513513513514,0.0,0.02702702702702703,0.0,0.02702702702702703,0.0,0.013513513513513514,0.0,0.08108108108108109,0.0,0.0,0.0,0.0,0.0
95.0,2376.0,0.0,1.0,1.0,1.0,0.0,11.827260871520153,12.52127659574468,1.0,1.0,0.0,0.0,1.0,1.0,1.0,1.0,0.0,1.0,0.0,0.32954545454545453,4.166666666666667,0.13047138047138046,0.5968013468013468,0.0,0.05765993265993266,0.040824915824915826,0.007996632996632997,0.047979797979797977,0.003367003367003367,0.09595959595959595,0.0016835016835016834,0.125,0.06060606060606061,0.0021043771043771043,0.004208754208754209,0.016414141414141416,0.1611952861952862,0.04208754208754209,0.005892255892255892,0.06060606060606061,0.0025252525252525255,0.0,0.03577441077441077,0.034511784511784514,0.025673400673400674,0.0008417508417508417,0.00042087542087542086,0.00042087542087542086,0.015993265993265993,0.0,0.036616161616161616,0.011363636363636364,0.008838383838383838,0.021885521885521887,0.03324915824915825,0.023989898989898988,0.007575757575757576,0.002946127946127946,0.0,0.003787878787878788
3.0,51.0,0.0,0.0,0.0,0.0,0.0,4.320493798938574,5.0,0.0,0.0,0.0,0.0,1.0,1.0,1.0,0.0,0.0,0.0,0.0,0.6862745098039216,4.450980392156863,0.13725490196078433,0.5294117647058824,0.0,0.0784313725490196,0.058823529411764705,0.0,0.058823529411764705,0.0,0.0784313725490196,0.0,0.11764705882352941,0.11764705882352941,0.0,0.0,0.0392156862745098,0.09803921568627451,0.0,0.0196078431372549,0.0196078431372549,0.0,0.0,0.09803921568627451,0.0,0.0196078431372549,0.0,0.0,0.0,0.0,0.0,0.0392156862745098,0.0,0.0196078431372549,0.0,0.058823529411764705,0.0392156862745098,0.0,0.0,0.0,0.0392156862745098
4.0,109.0,0.0,0.0,0.0,0.0,0.0,8.757139944068497,15.333333333333334,0.0,1.0,0.0,0.0,1.0,0.0,1.0,1.0,0.0,1.0,0.0,0.6880733944954128,3.8990825688073394,0.07339449541284404,0.5321100917431193,0.0,0.03669724770642202,0.03669724770642202,0.0,0.05504587155963303,0.009174311926605505,0.12844036697247707,0.0,0.11009174311926606,0.03669724770642202,0.0,0.0,0.009174311926605505,0.1743119266055046,0.01834862385321101,0.009174311926605505,0.03669724770642202,0.0,0.0,0.045871559633027525,0.045871559633027525,0.05504587155963303,0.0,0.0,0.009174311926605505,0.01834862385321101,0.0,0.009174311926605505,0.01834862385321101,0.0,0.027522935779816515,0.03669724770642202,0.045871559633027525,0.01834862385321101,0.009174311926605505,0.0,0.0
4.0,115.0,0.0,0.0,0.0,0.0,1.0,14.201672436723781,26.333333333333332,1.0,1.0,0.0,0.0,1.0,0.0,1.0,0.0,0.0,0.0,0.0,0.6695652173913044,3.965217391304348,0.06956521739130435,0.48695652173913045,0.008695652173913044,0.02608695652173913,0.034782608695652174,0.0,0.02608695652173913,0.0,0.13043478260869565,0.0,0.12173913043478261,0.043478260869565216,0.008695652173913044,0.0,0.02608695652173913,0.11304347826086956,0.0,0.0,0.09565217391304348,0.0,0.0,0.043478260869565216,0.034782608695652174,0.017391304347826087,0.0,0.0,0.0,0.02608695652173913,0.0,0.034782608695652174,0.0,0.017391304347826087,0.043478260869565216,0.0782608695652174,0.008695652173913044,0.008695652173913044,0.043478260869565216,0.0,0.008695652173913044
2.0,43.0,0.0,0.0,0.0,0.0,1.0,1.5,3.0,0.0,0.0,0.0,0.0,0.0,0.0,1.0,0.0,0.0,0.0,0.0,0.7674418604651163,3.511627906976744,0.16279069767441862,0.5813953488372093,0.023255813953488372,0.09302325581395349,0.046511627906976744,0.0,0.023255813953488372,0.0,0.09302325581395349,0.0,0.11627906976744186,0.06976744186046512,0.0,0.0,0.0,0.16279069767441862,0.0,0.0,0.06976744186046512,0.0,0.0,0.023255813953488372,0.046511627906976744,0.0,0.0,0.0,0.0,0.023255813953488372,0.0,0.023255813953488372,0.0,0.0,0.046511627906976744,0.046511627906976744,0.046511627906976744,0.0,0.0,0.0,0.046511627906976744
1.0,26.0,0.0,0.0,0.0,0.0,1.0,0.0,0.0,0.0,0.0,0.0,0.0,0.0,0.0,0.0,0.0,0.0,0.0,0.0,0.9615384615384616,4.384615384615385,0.11538461538461539,0.6153846153846154,0.0,0.038461538461538464,0.038461538461538464,0.0,0.07692307692307693,0.0,0.07692307692307693,0.0,0.11538461538461539,0.07692307692307693,0.0,0.038461538461538464,0.038461538461538464,0.15384615384615385,0.0,0.0,0.07692307692307693,0.0,0.038461538461538464,0.038461538461538464,0.038461538461538464,0.038461538461538464,0.0,0.0,0.0,0.0,0.0,0.07692307692307693,0.038461538461538464,0.0,0.0,0.0,0.0,0.0,0.0,0.0,0.0
4.0,119.0,0.0,1.0,1.0,0.0,1.0,7.917543811056558,12.333333333333334,0.0,1.0,0.0,0.0,0.0,0.0,0.0,0.0,1.0,0.0,0.0,0.6722689075630253,3.7478991596638656,0.14285714285714285,0.5378151260504201,0.008403361344537815,0.03361344537815126,0.03361344537815126,0.03361344537815126,0.025210084033613446,0.008403361344537815,0.14285714285714285,0.0,0.15126050420168066,0.01680672268907563,0.0,0.0,0.01680672268907563,0.15126050420168066,0.01680672268907563,0.0,0.06722689075630252,0.0,0.0,0.06722689075630252,0.025210084033613446,0.03361344537815126,0.0,0.0,0.0,0.03361344537815126,0.0,0.04201680672268908,0.01680672268907563,0.025210084033613446,0.025210084033613446,0.008403361344537815,0.008403361344537815,0.008403361344537815,0.0,0.0,0.0
5.0,143.0,0.0,1.0,1.0,0.0,0.0,17.165080832900262,16.0,1.0,1.0,0.0,0.0,0.0,0.0,1.0,0.0,0.0,0.0,0.0,0.6573426573426573,4.1328671328671325,0.11888111888111888,0.5664335664335665,0.0,0.055944055944055944,0.03496503496503497,0.02097902097902098,0.06293706293706294,0.0,0.06293706293706294,0.0,0.09090909090909091,0.04895104895104895,0.027972027972027972,0.0,0.04195804195804196,0.1048951048951049,0.013986013986013986,0.0,0.06293706293706294,0.0,0.0,0.08391608391608392,0.03496503496503497,0.04895104895104895,0.0,0.0,0.0,0.03496503496503497,0.0,0.09090909090909091,0.006993006993006993,0.013986013986013986,0.013986013986013986,0.027972027972027972,0.006993006993006993,0.0,0.006993006993006993,0.0,0.0
5.0,68.0,0.0,0.0,1.0,0.0,1.0,1.7435595774162693,2.0,0.0,0.0,0.0,0.0,1.0,0.0,0.0,0.0,0.0,0.0,0.0,0.6470588235294118,3.3529411764705883,0.17647058823529413,0.5735294117647058,0.0,0.058823529411764705,0.07352941176470588,0.029411764705882353,0.07352941176470588,0.0,0.029411764705882353,0.014705882352941176,0.029411764705882353,0.058823529411764705,0.029411764705882353,0.0,0.014705882352941176,0.058823529411764705,0.014705882352941176,0.0,0.058823529411764705,0.0,0.014705882352941176,0.029411764705882353,0.07352941176470588,0.08823529411764706,0.0,0.0,0.0,0.014705882352941176,0.0,0.04411764705882353,0.0,0.0,0.0,0.08823529411764706,0.08823529411764706,0.0,0.014705882352941176,0.0,0.0
8.0,170.0,0.0,0.0,1.0,0.0,1.0,6.905613658466566,8.714285714285714,0.0,1.0,0.0,0.0,1.0,0.0,1.0,0.0,0.0,0.0,0.0,0.6235294117647059,3.6294117647058823,0.12352941176470589,0.6058823529411764,0.0058823529411764705,0.058823529411764705,0.047058823529411764,0.011764705882352941,0.047058823529411764,0.0,0.11764705882352941,0.011764705882352941,0.10588235294117647,0.08235294117647059,0.0058823529411764705,0.0,0.01764705882352941,0.16470588235294117,0.0058823529411764705,0.0,0.029411764705882353,0.0,0.0,0.041176470588235294,0.0058823529411764705,0.01764705882352941,0.0,0.0,0.0,0.01764705882352941,0.0,0.047058823529411764,0.0,0.023529411764705882,0.03529411764705882,0.03529411764705882,0.052941176470588235,0.0,0.0,0.0,0.011764705882352941
1.0,28.0,0.0,0.0,0.0,0.0,0.0,0.0,0.0,0.0,0.0,0.0,0.0,0.0,1.0,0.0,0.0,0.0,0.0,0.0,0.8571428571428571,3.7857142857142856,0.10714285714285714,0.5357142857142857,0.0,0.07142857142857142,0.03571428571428571,0.0,0.0,0.0,0.10714285714285714,0.0,0.17857142857142858,0.07142857142857142,0.0,0.0,0.03571428571428571,0.07142857142857142,0.0,0.0,0.10714285714285714,0.0,0.0,0.0,0.07142857142857142,0.0,0.0,0.0,0.0,0.07142857142857142,0.0,0.10714285714285714,0.0,0.0,0.0,0.07142857142857142,0.0,0.0,0.0,0.0,0.0
1.0,35.0,0.0,1.0,0.0,0.0,0.0,0.0,0.0,0.0,1.0,0.0,0.0,0.0,0.0,1.0,0.0,0.0,0.0,0.0,0.8857142857142857,4.114285714285714,0.11428571428571428,0.5714285714285714,0.0,0.05714285714285714,0.02857142857142857,0.02857142857142857,0.05714285714285714,0.0,0.11428571428571428,0.0,0.08571428571428572,0.05714285714285714,0.0,0.0,0.0,0.08571428571428572,0.0,0.0,0.11428571428571428,0.0,0.0,0.02857142857142857,0.02857142857142857,0.08571428571428572,0.0,0.0,0.02857142857142857,0.05714285714285714,0.0,0.05714285714285714,0.0,0.0,0.02857142857142857,0.05714285714285714,0.0,0.0,0.0,0.0,0.0
5.0,110.0,0.0,1.0,1.0,0.0,0.0,10.430723848324238,17.5,0.0,1.0,0.0,0.0,1.0,0.0,0.0,0.0,0.0,0.0,0.0,0.7090909090909091,4.154545454545454,0.11818181818181818,0.6090909090909091,0.0,0.02727272727272727,0.045454545454545456,0.045454545454545456,0.05454545454545454,0.0,0.08181818181818182,0.0,0.1,0.05454545454545454,0.0,0.0,0.0,0.19090909090909092,0.0,0.0,0.06363636363636363,0.0,0.0,0.01818181818181818,0.06363636363636363,0.06363636363636363,0.0,0.0,0.0,0.00909090909090909,0.0,0.03636363636363636,0.02727272727272727,0.00909090909090909,0.02727272727272727,0.03636363636363636,0.045454545454545456,0.0,0.0,0.0,0.0
3.0,46.0,0.0,0.0,0.0,0.0,0.0,5.436502143433364,11.5,0.0,0.0,0.0,0.0,1.0,0.0,0.0,0.0,0.0,0.0,0.0,0.7391304347826086,3.6956521739130435,0.08695652173913043,0.5652173913043478,0.0,0.021739130434782608,0.06521739130434782,0.0,0.021739130434782608,0.0,0.08695652173913043,0.0,0.13043478260869565,0.08695652173913043,0.0,0.0,0.0,0.13043478260869565,0.0,0.0,0.08695652173913043,0.0,0.0,0.043478260869565216,0.021739130434782608,0.021739130434782608,0.0,0.021739130434782608,0.0,0.043478260869565216,0.0,0.043478260869565216,0.021739130434782608,0.0,0.06521739130434782,0.06521739130434782,0.021739130434782608,0.0,0.0,0.0,0.0
3.0,127.0,0.0,1.0,1.0,0.0,0.0,36.55437350334734,39.5,0.0,1.0,0.0,0.0,1.0,1.0,1.0,0.0,0.0,1.0,0.0,0.6614173228346457,4.047244094488189,0.12598425196850394,0.6062992125984252,0.0,0.047244094488188976,0.023622047244094488,0.047244094488188976,0.07874015748031496,0.0,0.08661417322834646,0.0,0.14960629921259844,0.06299212598425197,0.015748031496062992,0.0,0.031496062992125984,0.14960629921259844,0.03937007874015748,0.007874015748031496,0.023622047244094488,0.0,0.0,0.047244094488188976,0.023622047244094488,0.023622047244094488,0.007874015748031496,0.0,0.0,0.0,0.0,0.047244094488188976,0.007874015748031496,0.007874015748031496,0.015748031496062992,0.03937007874015748,0.015748031496062992,0.0,0.0,0.0,0.0
1.0,23.0,0.0,0.0,1.0,0.0,0.0,0.0,0.0,0.0,0.0,0.0,0.0,0.0,0.0,0.0,0.0,0.0,1.0,0.0,0.8695652173913043,4.608695652173913,0.2608695652173913,0.8695652173913043,0.0,0.17391304347826086,0.043478260869565216,0.043478260869565216,0.043478260869565216,0.0,0.043478260869565216,0.0,0.043478260869565216,0.043478260869565216,0.0,0.0,0.0,0.0,0.391304347826087,0.043478260869565216,0.08695652173913043,0.0,0.0,0.0,0.0,0.0,0.0,0.0,0.0,0.0,0.0,0.0,0.043478260869565216,0.0,0.0,0.0,0.0,0.0,0.0,0.0,0.0
4.0,109.0,0.0,0.0,1.0,0.0,0.0,6.5717197140474575,10.666666666666666,0.0,1.0,0.0,0.0,0.0,0.0,1.0,0.0,0.0,0.0,0.0,0.6605504587155964,3.8623853211009176,0.08256880733944955,0.5504587155963303,0.0,0.03669724770642202,0.03669724770642202,0.009174311926605505,0.045871559633027525,0.009174311926605505,0.14678899082568808,0.0,0.09174311926605505,0.05504587155963303,0.0,0.0,0.009174311926605505,0.12844036697247707,0.03669724770642202,0.0,0.045871559633027525,0.0,0.0,0.10091743119266056,0.01834862385321101,0.045871559633027525,0.0,0.0,0.0,0.01834862385321101,0.0,0.045871559633027525,0.0,0.0,0.009174311926605505,0.08256880733944955,0.009174311926605505,0.009174311926605505,0.0,0.0,0.009174311926605505
6.0,97.0,0.0,0.0,1.0,0.0,1.0,11.096796334478205,12.4,1.0,0.0,0.0,0.0,0.0,0.0,1.0,0.0,0.0,0.0,0.0,0.711340206185567,3.7216494845360826,0.1134020618556701,0.5670103092783505,0.0,0.041237113402061855,0.05154639175257732,0.010309278350515464,0.010309278350515464,0.0,0.14432989690721648,0.0,0.16494845360824742,0.010309278350515464,0.0,0.0,0.0,0.1958762886597938,0.010309278350515464,0.0,0.061855670103092786,0.0,0.010309278350515464,0.030927835051546393,0.020618556701030927,0.020618556701030927,0.0,0.010309278350515464,0.0,0.010309278350515464,0.0,0.030927835051546393,0.041237113402061855,0.020618556701030927,0.05154639175257732,0.020618556701030927,0.0,0.0,0.010309278350515464,0.0,0.020618556701030927
7.0,128.0,0.0,1.0,1.0,0.0,0.0,10.5926428068095,7.333333333333333,1.0,1.0,0.0,0.0,1.0,0.0,0.0,0.0,0.0,0.0,0.0,0.6328125,3.71875,0.125,0.53125,0.0,0.0390625,0.0546875,0.0234375,0.0546875,0.0,0.109375,0.0,0.0703125,0.0625,0.0078125,0.015625,0.046875,0.1015625,0.0,0.0,0.046875,0.0,0.0,0.078125,0.015625,0.0546875,0.0,0.0,0.0078125,0.0234375,0.0,0.046875,0.0078125,0.0234375,0.015625,0.0546875,0.0234375,0.0,0.015625,0.0,0.0
2.0,48.0,0.0,1.0,0.0,0.0,1.0,11.0,22.0,0.0,1.0,0.0,0.0,1.0,0.0,0.0,0.0,0.0,0.0,0.0,0.8541666666666666,4.375,0.14583333333333334,0.625,0.0,0.041666666666666664,0.041666666666666664,0.020833333333333332,0.041666666666666664,0.0,0.125,0.0,0.10416666666666667,0.125,0.020833333333333332,0.0,0.020833333333333332,0.16666666666666666,0.020833333333333332,0.0,0.08333333333333333,0.0,0.020833333333333332,0.0,0.041666666666666664,0.0,0.020833333333333332,0.0,0.0,0.020833333333333332,0.0,0.020833333333333332,0.0,0.0,0.0,0.020833333333333332,0.041666666666666664,0.0,0.0,0.0,0.0
4.0,97.0,0.0,1.0,0.0,0.0,1.0,16.917077170717167,19.0,0.0,1.0,0.0,0.0,0.0,0.0,0.0,0.0,1.0,0.0,0.0,0.6907216494845361,4.092783505154639,0.14432989690721648,0.6082474226804123,0.010309278350515464,0.020618556701030927,0.041237113402061855,0.010309278350515464,0.061855670103092786,0.030927835051546393,0.030927835051546393,0.0,0.10309278350515463,0.061855670103092786,0.0,0.0,0.061855670103092786,0.13402061855670103,0.010309278350515464,0.0,0.061855670103092786,0.0,0.0,0.08247422680412371,0.010309278350515464,0.061855670103092786,0.0,0.0,0.0,0.030927835051546393,0.0,0.08247422680412371,0.010309278350515464,0.030927835051546393,0.0,0.041237113402061855,0.0,0.0,0.010309278350515464,0.0,0.0
4.0,82.0,0.0,0.0,1.0,0.0,0.0,8.0156097709407,10.666666666666666,1.0,0.0,0.0,0.0,0.0,0.0,1.0,0.0,0.0,1.0,0.0,0.6829268292682927,4.2926829268292686,0.0975609756097561,0.5609756097560976,0.0,0.0,0.036585365853658534,0.012195121951219513,0.024390243902439025,0.012195121951219513,0.12195121951219512,0.0,0.10975609756097561,0.012195121951219513,0.012195121951219513,0.0,0.0,0.14634146341463414,0.024390243902439025,0.0,0.06097560975609756,0.0,0.0,0.07317073170731707,0.07317073170731707,0.024390243902439025,0.0,0.0,0.0,0.036585365853658534,0.0,0.036585365853658534,0.012195121951219513,0.012195121951219513,0.012195121951219513,0.04878048780487805,0.06097560975609756,0.0,0.036585365853658534,0.0,0.0
2.0,52.0,0.0,0.0,0.0,0.0,0.0,5.0,10.0,0.0,0.0,0.0,0.0,0.0,0.0,0.0,0.0,0.0,0.0,0.0,0.75,4.230769230769231,0.11538461538461539,0.6538461538461539,0.0,0.07692307692307693,0.038461538461538464,0.0,0.07692307692307693,0.0,0.057692307692307696,0.0,0.1346153846153846,0.1346153846153846,0.0,0.0,0.0,0.25,0.0,0.0,0.0,0.0,0.0,0.057692307692307696,0.019230769230769232,0.019230769230769232,0.0,0.0,0.0,0.0,0.0,0.057692307692307696,0.0,0.0,0.0,0.019230769230769232,0.019230769230769232,0.019230769230769232,0.019230769230769232,0.0,0.0
4.0,81.0,0.0,1.0,0.0,0.0,0.0,5.84700778176325,5.0,0.0,0.0,0.0,0.0,1.0,0.0,0.0,1.0,0.0,0.0,0.0,0.6790123456790124,4.0,0.12345679012345678,0.5925925925925926,0.0,0.06172839506172839,0.04938271604938271,0.012345679012345678,0.04938271604938271,0.0,0.13580246913580246,0.0,0.13580246913580246,0.08641975308641975,0.0,0.0,0.012345679012345678,0.13580246913580246,0.024691358024691357,0.0,0.037037037037037035,0.0,0.0,0.024691358024691357,0.0,0.037037037037037035,0.0,0.0,0.0,0.012345679012345678,0.0,0.012345679012345678,0.0,0.024691358024691357,0.06172839506172839,0.012345679012345678,0.06172839506172839,0.012345679012345678,0.0,0.0,0.0
2.0,35.0,0.0,0.0,0.0,0.0,0.0,2.5,5.0,0.0,0.0,0.0,0.0,0.0,0.0,0.0,0.0,0.0,0.0,0.0,0.7714285714285715,3.6857142857142855,0.11428571428571428,0.5142857142857142,0.0,0.05714285714285714,0.05714285714285714,0.0,0.05714285714285714,0.0,0.0,0.0,0.17142857142857143,0.0,0.0,0.0,0.02857142857142857,0.17142857142857143,0.02857142857142857,0.0,0.11428571428571428,0.0,0.0,0.05714285714285714,0.05714285714285714,0.05714285714285714,0.0,0.0,0.0,0.0,0.0,0.02857142857142857,0.0,0.0,0.0,0.08571428571428572,0.0,0.02857142857142857,0.0,0.0,0.0
3.0,51.0,0.0,0.0,1.0,0.0,0.0,2.943920288775949,3.5,0.0,0.0,0.0,0.0,0.0,0.0,1.0,0.0,0.0,0.0,0.0,0.7647058823529411,3.6666666666666665,0.13725490196078433,0.5686274509803921,0.0,0.058823529411764705,0.058823529411764705,0.0196078431372549,0.0784313725490196,0.0,0.09803921568627451,0.0,0.058823529411764705,0.058823529411764705,0.0,0.0,0.0392156862745098,0.1568627450980392,0.0,0.0,0.0392156862745098,0.0,0.0,0.0784313725490196,0.058823529411764705,0.0392156862745098,0.0,0.0,0.0,0.0196078431372549,0.0,0.0784313725490196,0.0,0.0,0.0,0.0196078431372549,0.0392156862745098,0.0,0.0,0.0,0.0
2.0,84.0,0.0,1.0,1.0,0.0,0.0,19.0,38.0,0.0,1.0,0.0,0.0,1.0,0.0,0.0,0.0,0.0,0.0,0.0,0.6904761904761905,3.9761904761904763,0.14285714285714285,0.6309523809523809,0.0,0.07142857142857142,0.023809523809523808,0.047619047619047616,0.023809523809523808,0.0,0.10714285714285714,0.0,0.09523809523809523,0.08333333333333333,0.011904761904761904,0.0,0.0,0.15476190476190477,0.023809523809523808,0.0,0.023809523809523808,0.0,0.0,0.011904761904761904,0.03571428571428571,0.023809523809523808,0.0,0.0,0.0,0.07142857142857142,0.0,0.05952380952380952,0.0,0.011904761904761904,0.047619047619047616,0.047619047619047616,0.023809523809523808,0.0,0.0,0.0,0.0
4.0,85.0,0.0,1.0,0.0,0.0,0.0,5.402545696243577,10.333333333333334,0.0,0.0,0.0,0.0,1.0,0.0,0.0,0.0,0.0,0.0,0.0,0.6470588235294118,3.7411764705882353,0.18823529411764706,0.6823529411764706,0.0,0.11764705882352941,0.047058823529411764,0.011764705882352941,0.10588235294117647,0.0,0.11764705882352941,0.0,0.09411764705882353,0.058823529411764705,0.0,0.0,0.0,0.21176470588235294,0.0,0.0,0.058823529411764705,0.0,0.0,0.03529411764705882,0.0,0.03529411764705882,0.0,0.0,0.0,0.0,0.0,0.0,0.0,0.011764705882352941,0.023529411764705882,0.03529411764705882,0.03529411764705882,0.0,0.0,0.0,0.0
6.0,98.0,0.0,0.0,1.0,0.0,0.0,6.992058987801011,4.6,1.0,0.0,0.0,0.0,1.0,0.0,0.0,0.0,0.0,0.0,0.0,0.673469387755102,3.816326530612245,0.16326530612244897,0.5918367346938775,0.0,0.061224489795918366,0.061224489795918366,0.02040816326530612,0.05102040816326531,0.0,0.061224489795918366,0.01020408163265306,0.05102040816326531,0.09183673469387756,0.0,0.0,0.08163265306122448,0.11224489795918367,0.02040816326530612,0.02040816326530612,0.01020408163265306,0.0,0.0,0.02040816326530612,0.01020408163265306,0.05102040816326531,0.0,0.0,0.0,0.02040816326530612,0.0,0.07142857142857142,0.02040816326530612,0.0,0.061224489795918366,0.04081632653061224,0.02040816326530612,0.01020408163265306,0.02040816326530612,0.0,0.0
3.0,83.0,0.0,0.0,1.0,0.0,0.0,6.79869268479038,10.0,0.0,1.0,0.0,0.0,1.0,0.0,0.0,0.0,0.0,0.0,0.0,0.7228915662650602,4.530120481927711,0.10843373493975904,0.5662650602409639,0.0,0.060240963855421686,0.03614457831325301,0.012048192771084338,0.07228915662650602,0.0,0.04819277108433735,0.0,0.12048192771084337,0.024096385542168676,0.012048192771084338,0.0,0.0,0.18072289156626506,0.0,0.0,0.07228915662650602,0.0,0.0,0.07228915662650602,0.07228915662650602,0.060240963855421686,0.0,0.0,0.0,0.012048192771084338,0.0,0.024096385542168676,0.03614457831325301,0.024096385542168676,0.0,0.012048192771084338,0.03614457831325301,0.012048192771084338,0.0,0.0,0.0
1.0,10.0,0.0,0.0,0.0,0.0,0.0,0.0,0.0,1.0,0.0,0.0,0.0,0.0,0.0,0.0,0.0,1.0,0.0,0.0,1.0,3.0,0.5,0.5,0.0,0.1,0.1,0.0,0.1,0.1,0.0,0.0,0.2,0.0,0.1,0.0,0.0,0.0,0.0,0.0,0.1,0.0,0.0,0.1,0.0,0.0,0.0,0.0,0.0,0.0,0.0,0.0,0.0,0.0,0.0,0.1,0.0,0.0,0.0,0.0,0.0
5.0,97.0,0.0,0.0,1.0,0.0,0.0,12.175385004179539,16.25,1.0,1.0,0.0,0.0,1.0,0.0,1.0,0.0,0.0,0.0,0.0,0.7010309278350515,4.247422680412371,0.12371134020618557,0.6288659793814433,0.0,0.061855670103092786,0.05154639175257732,0.010309278350515464,0.041237113402061855,0.0,0.09278350515463918,0.0,0.061855670103092786,0.061855670103092786,0.020618556701030927,0.0,0.030927835051546393,0.1134020618556701,0.030927835051546393,0.0,0.08247422680412371,0.0,0.0,0.030927835051546393,0.07216494845360824,0.0,0.0,0.0,0.0,0.041237113402061855,0.0,0.09278350515463918,0.0,0.0,0.0,0.030927835051546393,0.041237113402061855,0.010309278350515464,0.020618556701030927,0.0,0.0
5.0,72.0,0.0,0.0,0.0,0.0,0.0,7.709734106958552,12.25,1.0,0.0,0.0,0.0,0.0,0.0,0.0,0.0,0.0,0.0,0.0,0.7222222222222222,4.097222222222222,0.1388888888888889,0.6666666666666666,0.0,0.06944444444444445,0.06944444444444445,0.0,0.05555555555555555,0.0,0.06944444444444445,0.0,0.06944444444444445,0.0,0.0,0.0,0.027777777777777776,0.09722222222222222,0.027777777777777776,0.0,0.08333333333333333,0.0,0.0,0.08333333333333333,0.041666666666666664,0.027777777777777776,0.027777777777777776,0.0,0.0,0.013888888888888888,0.0,0.06944444444444445,0.0,0.013888888888888888,0.05555555555555555,0.027777777777777776,0.041666666666666664,0.013888888888888888,0.013888888888888888,0.0,0.0
1.0,17.0,0.0,0.0,0.0,0.0,0.0,0.0,0.0,0.0,0.0,0.0,0.0,0.0,0.0,0.0,0.0,0.0,1.0,0.0,0.9411764705882353,4.352941176470588,0.058823529411764705,0.7058823529411765,0.0,0.0,0.058823529411764705,0.0,0.11764705882352941,0.0,0.058823529411764705,0.0,0.17647058823529413,0.0,0.0,0.0,0.0,0.17647058823529413,0.17647058823529413,0.0,0.0,0.0,0.0,0.058823529411764705,0.0,0.0,0.0,0.0,0.0,0.0,0.0,0.0,0.058823529411764705,0.0,0.058823529411764705,0.058823529411764705,0.0,0.0,0.0,0.0,0.0
7.0,117.0,0.0,0.0,1.0,0.0,0.0,9.269216112861907,7.666666666666667,1.0,0.0,0.0,0.0,1.0,0.0,1.0,0.0,0.0,0.0,0.0,0.6666666666666666,3.5042735042735043,0.1452991452991453,0.6068376068376068,0.0,0.05982905982905983,0.05128205128205128,0.008547008547008548,0.06837606837606838,0.008547008547008548,0.05982905982905983,0.008547008547008548,0.05982905982905983,0.03418803418803419,0.0,0.0,0.008547008547008548,0.1282051282051282,0.042735042735042736,0.0,0.06837606837606838,0.0,0.0,0.05982905982905983,0.05982905982905983,0.03418803418803419,0.0,0.0,0.0,0.05982905982905983,0.0,0.09401709401709402,0.0,0.0,0.017094017094017096,0.017094017094017096,0.03418803418803419,0.017094017094017096,0.0,0.0,0.0
